scheme,category,is_number,title,qco_order,mandatory_status,certifying_body
Scheme-II (CRS - Compulsory Registration Scheme),Electronics & IT Goods,IS 302-2-25,Safety of household and similar electrical appliances: Part 2 Particular requirements: Section 25 Microwave ovens,Electronics and Information Technology Goods (Requirement for Compulsory Registration) Order,MANDATORY_UNDER_CRS,MeitY / Bureau of Indian Standards (BIS)
Scheme-II (CRS - Compulsory Registration Scheme),Electronics & IT Goods,IS 302-2:26,Safety of household and similar electrical appliances: Part 2 Particular requirements: Section 26 Clocks,Electronics and Information Technology Goods (Requirement for Compulsory Registration) Order,MANDATORY_UNDER_CRS,MeitY / Bureau of Indian Standards (BIS)
Scheme-II (CRS - Compulsory Registration Scheme),Electronics & IT Goods,IS 16242 (Part 1),General and Safety Requirements for UPS,Electronics and Information Technology Goods (Requirement for Compulsory Registration) Order,MANDATORY_UNDER_CRS,MeitY / Bureau of Indian Standards (BIS)
Scheme-II (CRS - Compulsory Registration Scheme),Electronics & IT Goods,IS 15885 (Part 2/Sec 13),Safety of Lamp Control gear Part 2 Particular Requirements Section 13 d.c. or a.c. Supplied Electronic Control gear for LED Modules,Electronics and Information Technology Goods (Requirement for Compulsory Registration) Order,MANDATORY_UNDER_CRS,MeitY / Bureau of Indian Standards (BIS)
Scheme-II (CRS - Compulsory Registration Scheme),Electronics & IT Goods,IS 16046,"Secondary Cells and Batteries containing Alkaline or other non-acid Electrolytes-Safety Requirements for Portable sealed secondary cells, and for Batteries made from them for use in portable applications",Electronics and Information Technology Goods (Requirement for Compulsory Registration) Order,MANDATORY_UNDER_CRS,MeitY / Bureau of Indian Standards (BIS)
Scheme-II (CRS - Compulsory Registration Scheme),Electronics & IT Goods,IS 16102(Part 1),Self-Ballasted LED Lamps for General Lighting Services Part 1 Safety Requirements,Electronics and Information Technology Goods (Requirement for Compulsory Registration) Order,MANDATORY_UNDER_CRS,MeitY / Bureau of Indian Standards (BIS)
Scheme-II (CRS - Compulsory Registration Scheme),Electronics & IT Goods,IS 16333 (Part-3),Mobile Phone Handsets Part 3 Indian Language Support for Mobile Phone Handsets – Specific Requirements,Electronics and Information Technology Goods (Requirement for Compulsory Registration) Order,MANDATORY_UNDER_CRS,MeitY / Bureau of Indian Standards (BIS)
Scheme-II (CRS - Compulsory Registration Scheme),Electronics & IT Goods,IS 10322 (Part 5/Section 2): 2012,Luminaires Part 5: Particular Requirements Section 2 Recessed Luminaires,Electronics and Information Technology Goods (Requirement for Compulsory Registration) Order,MANDATORY_UNDER_CRS,MeitY / Bureau of Indian Standards (BIS)
Scheme-II (CRS - Compulsory Registration Scheme),Electronics & IT Goods,IS 10322 (Part 5/Section 3): 2012,Luminaires – Part 5: Particular Requirements Section 3 Luminaires for Road and Street Lighting,Electronics and Information Technology Goods (Requirement for Compulsory Registration) Order,MANDATORY_UNDER_CRS,MeitY / Bureau of Indian Standards (BIS)
Scheme-II (CRS - Compulsory Registration Scheme),Electronics & IT Goods,IS 10322 (Part 5/Section 5): 2013,Luminaires – Part 5: Particular Requirements Section 5 Flood Lights,Electronics and Information Technology Goods (Requirement for Compulsory Registration) Order,MANDATORY_UNDER_CRS,MeitY / Bureau of Indian Standards (BIS)
Scheme-II (CRS - Compulsory Registration Scheme),Electronics & IT Goods,IS 10322 (Part 5/Section 6): 2013,Luminaires – Part 5: Particular Requirements Section 6 Hamp Lamps,Electronics and Information Technology Goods (Requirement for Compulsory Registration) Order,MANDATORY_UNDER_CRS,MeitY / Bureau of Indian Standards (BIS)
Scheme-II (CRS - Compulsory Registration Scheme),Electronics & IT Goods,IS 10322 (Part 5/Section 7): 2013,Luminaires – Part 5: Particular Requirements Section 7 Lighting Chains,Electronics and Information Technology Goods (Requirement for Compulsory Registration) Order,MANDATORY_UNDER_CRS,MeitY / Bureau of Indian Standards (BIS)
Scheme-II (CRS - Compulsory Registration Scheme),Electronics & IT Goods,IS 10322 (Part 5/Section 8): 2013,Luminaires – Part 5: Particular Requirements Section 8 Luminaires for Emergency Lighting,Electronics and Information Technology Goods (Requirement for Compulsory Registration) Order,MANDATORY_UNDER_CRS,MeitY / Bureau of Indian Standards (BIS)
Scheme-II (CRS - Compulsory Registration Scheme),Electronics & IT Goods,IS 16242 (Part 1):2014,General and Safety Requirements for UPS,Electronics and Information Technology Goods (Requirement for Compulsory Registration) Order,MANDATORY_UNDER_CRS,MeitY / Bureau of Indian Standards (BIS)
Scheme-II (CRS - Compulsory Registration Scheme),Electronics & IT Goods,IS 302 (Part 1): 2008,Safety of Household and similar electrical appliances Part 1 General requirements,Electronics and Information Technology Goods (Requirement for Compulsory Registration) Order,MANDATORY_UNDER_CRS,MeitY / Bureau of Indian Standards (BIS)
Scheme-II (CRS - Compulsory Registration Scheme),Electronics & IT Goods,IS 16103 (Part 1): 2012,LED modules for general lighting: Part 1 safety requirements,Electronics and Information Technology Goods (Requirement for Compulsory Registration) Order,MANDATORY_UNDER_CRS,MeitY / Bureau of Indian Standards (BIS)
Scheme-II (CRS - Compulsory Registration Scheme),Electronics & IT Goods,IS 10322 (Part 5)Section 9: 2017,Luminaries: Part 5 Particular Requirements Section 9 Rope Lights,Electronics and Information Technology Goods (Requirement for Compulsory Registration) Order,MANDATORY_UNDER_CRS,MeitY / Bureau of Indian Standards (BIS)
Scheme-II (CRS - Compulsory Registration Scheme),Electronics & IT Goods,IS 302 (Part 2): Section 6: 2009,"Safety of household and similar electrical appliances: part 2 particular requirements, section 6 cooking ranges, hobs, ovens and similar appliances",Electronics and Information Technology Goods (Requirement for Compulsory Registration) Order,MANDATORY_UNDER_CRS,MeitY / Bureau of Indian Standards (BIS)
Scheme-II (CRS - Compulsory Registration Scheme),Electronics & IT Goods,IS 302 (Part 2): Section 15: 2009,safety of household and similar electrical appliances: part 2 particular requirements: section 15 appliances for heating liquids,Electronics and Information Technology Goods (Requirement for Compulsory Registration) Order,MANDATORY_UNDER_CRS,MeitY / Bureau of Indian Standards (BIS)
Scheme-II (CRS - Compulsory Registration Scheme),Electronics & IT Goods,IS 60669-2-1: 2008,Particular requirements for Electronic switches standards for Switches for household and similar fixed electrical installations.,Electronics and Information Technology Goods (Requirement for Compulsory Registration) Order,MANDATORY_UNDER_CRS,MeitY / Bureau of Indian Standards (BIS)
Scheme-II (CRS - Compulsory Registration Scheme),Electronics & IT Goods,IS 18112:2022,Digital Television Receiver for Satellite Broadcast Transmission – Specification,Electronics and Information Technology Goods (Requirement for Compulsory Registration) Order,MANDATORY_UNDER_CRS,MeitY / Bureau of Indian Standards (BIS)
Scheme-II (CRS - Compulsory Registration Scheme),Electronics & IT Goods,IS 14286 IS/IEC 61730 -1 IS/IEC 61730 -2,Crystalline Silicon Terrestrial Photovoltaic (PV) modules – Design Qualification And Type Approval,Electronics and Information Technology Goods (Requirement for Compulsory Registration) Order,MANDATORY_UNDER_CRS,MeitY / Bureau of Indian Standards (BIS)
Scheme-II (CRS - Compulsory Registration Scheme),Electronics & IT Goods,IS 16077 IS/IEC 61730 -1 IS/IEC 61730 -2,Thin-Film Terrestrial Photovoltaic (PV) Modules – Design Qualification and Type Approval,Electronics and Information Technology Goods (Requirement for Compulsory Registration) Order,MANDATORY_UNDER_CRS,MeitY / Bureau of Indian Standards (BIS)
Scheme-II (CRS - Compulsory Registration Scheme),Electronics & IT Goods,IS 16221 (Part 2),Safety of Power Converters for Use in Photovoltaic Power Systems Part 2-Particular Requirements for Inverters,Electronics and Information Technology Goods (Requirement for Compulsory Registration) Order,MANDATORY_UNDER_CRS,MeitY / Bureau of Indian Standards (BIS)
Scheme-II (CRS - Compulsory Registration Scheme),Electronics & IT Goods,IS 16169,Safety of Power Converters for Use in Photovoltaic Power Systems Part 2-Particular Requirements for Inverters,Electronics and Information Technology Goods (Requirement for Compulsory Registration) Order,MANDATORY_UNDER_CRS,MeitY / Bureau of Indian Standards (BIS)
Scheme-II (CRS - Compulsory Registration Scheme),Electronics & IT Goods,IS 16270,Test Procedure of Islanding Prevention Measures for Utility-Interconnected Photovoltaic Inverters,Electronics and Information Technology Goods (Requirement for Compulsory Registration) Order,MANDATORY_UNDER_CRS,MeitY / Bureau of Indian Standards (BIS)
Scheme-II (CRS - Compulsory Registration Scheme),Electronics & IT Goods,IS 798:2020,Ortho Phosphoric Acid – Specification,Electronics and Information Technology Goods (Requirement for Compulsory Registration) Order,MANDATORY_UNDER_CRS,MeitY / Bureau of Indian Standards (BIS)
Scheme-II (CRS - Compulsory Registration Scheme),Electronics & IT Goods,IS 17439:2020,Polyphosphoric Acid – Specification,Electronics and Information Technology Goods (Requirement for Compulsory Registration) Order,MANDATORY_UNDER_CRS,MeitY / Bureau of Indian Standards (BIS)
Scheme-II (CRS - Compulsory Registration Scheme),Electronics & IT Goods,IS 17412:2020,Trimethyl Phosphite – Technical Grade,Electronics and Information Technology Goods (Requirement for Compulsory Registration) Order,MANDATORY_UNDER_CRS,MeitY / Bureau of Indian Standards (BIS)
Scheme-II (CRS - Compulsory Registration Scheme),Electronics & IT Goods,IS 12171:2019,Cotton Bales- Specification,Electronics and Information Technology Goods (Requirement for Compulsory Registration) Order,MANDATORY_UNDER_CRS,MeitY / Bureau of Indian Standards (BIS)
